Model,Temperature,Response Time
gpt-4-1106-preview,0,2.727801561355591
gpt-4-1106-preview,1,3.5308828353881836
gpt-4,0,2.465301275253296
gpt-4,1,2.3799636363983154
gpt-3.5-turbo,0,1.84246826171875
gpt-3.5-turbo,1,3.1210715770721436
